[
  {
    "id": "4498d699-fd74-42de-8793-143bce59e864",
    "data": [
      {
        "text": "Bus stops nearby",
        "userDefined": false
      }
    ],
    "isTemplate": false,
    "count": 0,
    "updated": 1549734304
  },
  {
    "id": "42dc70a0-21ef-4d04-baa5-1b3346f5e3c7",
    "data": [
      {
        "text": "Buses near me",
        "userDefined": false
      }
    ],
    "isTemplate": false,
    "count": 0,
    "updated": 1549734304
  },
  {
    "id": "137822d9-10ad-4d90-8a4c-bb90d34bee00",
    "data": [
      {
        "text": "Bus stops near me",
        "userDefined": false
      }
    ],
    "isTemplate": false,
    "count": 0,
    "updated": 1547909901
  }
]