[
  {
    "id": "72dd6250-7b92-4f6c-9189-e1d16cba196f",
    "data": [
      {
        "text": "Rail",
        "alias": "transport",
        "meta": "@sys.any",
        "userDefined": true
      },
      {
        "text": " commands",
        "userDefined": false
      }
    ],
    "isTemplate": false,
    "count": 0,
    "updated": 1543893358
  },
  {
    "id": "6d8a608a-db3b-4750-9ea1-15279576b034",
    "data": [
      {
        "text": "Bus",
        "alias": "transport",
        "meta": "@sys.any",
        "userDefined": true
      },
      {
        "text": " commands",
        "userDefined": false
      }
    ],
    "isTemplate": false,
    "count": 0,
    "updated": 1543893358
  },
  {
    "id": "20506fde-cf4b-4b94-9252-27d4c74745dd",
    "data": [
      {
        "text": "Train",
        "alias": "transport",
        "meta": "@sys.any",
        "userDefined": true
      },
      {
        "text": " commands",
        "userDefined": false
      }
    ],
    "isTemplate": false,
    "count": 0,
    "updated": 1543893358
  }
]