[
  {
    "id": "ca9f4197-0f50-474f-9f51-cdcb844732e4",
    "data": [
      {
        "text": "nope",
        "userDefined": false
      }
    ],
    "isTemplate": false,
    "count": 0,
    "updated": 1546434394
  },
  {
    "id": "6a4435eb-26a6-4f53-a1e6-ad1e5d692bb4",
    "data": [
      {
        "text": "nah",
        "userDefined": false
      }
    ],
    "isTemplate": false,
    "count": 0,
    "updated": 1546434394
  },
  {
    "id": "9d03e6ac-1100-4125-9e99-f95bbcaa629f",
    "data": [
      {
        "text": "please no",
        "userDefined": false
      }
    ],
    "isTemplate": false,
    "count": 0,
    "updated": 1546434394
  },
  {
    "id": "cc478849-45eb-4e5f-a70d-8e0dc54344d2",
    "data": [
      {
        "text": "no thanks",
        "userDefined": false
      }
    ],
    "isTemplate": false,
    "count": 0,
    "updated": 1546434394
  },
  {
    "id": "649250b7-4513-4b2d-b857-7a24776d05e9",
    "data": [
      {
        "text": "negative",
        "userDefined": false
      }
    ],
    "isTemplate": false,
    "count": 0,
    "updated": 1546434394
  },
  {
    "id": "a5ca3d5a-6bc4-4646-9be6-fa568ecc2102",
    "data": [
      {
        "text": "no",
        "userDefined": false
      }
    ],
    "isTemplate": false,
    "count": 0,
    "updated": 1546434394
  }
]