[
  {
    "id": "0794367b-7acb-4bcb-8d86-844063a88a4a",
    "data": [
      {
        "text": "Problems",
        "userDefined": false
      }
    ],
    "isTemplate": false,
    "count": 0,
    "updated": 1547402347
  },
  {
    "id": "3bda7c13-6678-4397-a407-807341283695",
    "data": [
      {
        "text": "Problem",
        "userDefined": false
      }
    ],
    "isTemplate": false,
    "count": 0,
    "updated": 1547402347
  },
  {
    "id": "affcfc1b-99df-4c04-8eb4-8204dd8eb960",
    "data": [
      {
        "text": "There\u0027s an issue",
        "userDefined": false
      }
    ],
    "isTemplate": false,
    "count": 0,
    "updated": 1547402347
  },
  {
    "id": "68669cec-0c5e-4e53-a705-dc63b297b22b",
    "data": [
      {
        "text": "I found an issue",
        "userDefined": false
      }
    ],
    "isTemplate": false,
    "count": 0,
    "updated": 1547402347
  },
  {
    "id": "812ee7ec-904f-4827-863c-4c0743f0121c",
    "data": [
      {
        "text": "report bug",
        "userDefined": false
      }
    ],
    "isTemplate": false,
    "count": 0,
    "updated": 1547402347
  },
  {
    "id": "9c3c524b-8d72-460a-8167-003d930009be",
    "data": [
      {
        "text": "report a bug",
        "userDefined": false
      }
    ],
    "isTemplate": false,
    "count": 0,
    "updated": 1547402347
  },
  {
    "id": "938595d7-3cff-44f4-b514-d76a02fcb3fd",
    "data": [
      {
        "text": "report feedback",
        "userDefined": false
      }
    ],
    "isTemplate": false,
    "count": 0,
    "updated": 1547402347
  },
  {
    "id": "de0822bc-eb73-4c59-9369-318b1ff6cc29",
    "data": [
      {
        "text": "feedback",
        "userDefined": false
      }
    ],
    "isTemplate": false,
    "count": 0,
    "updated": 1547402347
  },
  {
    "id": "1ee36ecc-384a-46fe-8488-21d4791e5ba0",
    "data": [
      {
        "text": "bug",
        "userDefined": false
      }
    ],
    "isTemplate": false,
    "count": 0,
    "updated": 1547402347
  },
  {
    "id": "3588b7a0-0051-4796-af81-4e7e6705351a",
    "data": [
      {
        "text": "I\u0027ve found a bug",
        "userDefined": false
      }
    ],
    "isTemplate": false,
    "count": 0,
    "updated": 1547402309
  }
]