[
  {
    "id": "28f70d91-32a5-43f5-a605-c96c9ee8fce7",
    "data": [
      {
        "text": "end",
        "userDefined": false
      }
    ],
    "isTemplate": false,
    "count": 0,
    "updated": 1544794873
  },
  {
    "id": "06cc86f4-73a1-4eec-8e97-49a7c3d4ff31",
    "data": [
      {
        "text": "adios",
        "userDefined": false
      }
    ],
    "isTemplate": false,
    "count": 0,
    "updated": 1544794873
  },
  {
    "id": "454d1c8a-a044-454c-b504-8138709f3342",
    "data": [
      {
        "text": "cya",
        "userDefined": false
      }
    ],
    "isTemplate": false,
    "count": 0,
    "updated": 1544794873
  },
  {
    "id": "4ddd7540-e25e-4a06-afcf-7fc3864f13fb",
    "data": [
      {
        "text": "bye",
        "userDefined": false
      }
    ],
    "isTemplate": false,
    "count": 0,
    "updated": 1544794873
  },
  {
    "id": "88fdf692-e131-43a5-8d2e-e7397c3f2407",
    "data": [
      {
        "text": "no thanks",
        "userDefined": false
      }
    ],
    "isTemplate": false,
    "count": 0,
    "updated": 1544794873
  },
  {
    "id": "2adb61f1-f38d-4530-a3dd-0571800b47cc",
    "data": [
      {
        "text": "no",
        "userDefined": false
      }
    ],
    "isTemplate": false,
    "count": 0,
    "updated": 1544794873
  }
]