[
  {
    "id": "1ae9019a-33c3-486b-8682-52f623eb3608",
    "data": [
      {
        "text": "what commands can you do",
        "userDefined": false
      }
    ],
    "isTemplate": false,
    "count": 0,
    "updated": 1551027935
  },
  {
    "id": "031f1ea3-89eb-4ae2-ae03-25c71c90c25f",
    "data": [
      {
        "text": "what can you do",
        "userDefined": false
      }
    ],
    "isTemplate": false,
    "count": 0,
    "updated": 1551027935
  },
  {
    "id": "90b5300c-cacb-4a9e-8954-fbc270e4fee7",
    "data": [
      {
        "text": "what do I do",
        "userDefined": false
      }
    ],
    "isTemplate": false,
    "count": 0,
    "updated": 1551027935
  },
  {
    "id": "bf5ec4d8-df16-478e-8920-20384f5941d0",
    "data": [
      {
        "text": "im lost",
        "userDefined": false
      }
    ],
    "isTemplate": false,
    "count": 0,
    "updated": 1551027935
  },
  {
    "id": "6eea845d-1e41-4808-ba4f-a006dee3171e",
    "data": [
      {
        "text": "need help",
        "userDefined": false
      }
    ],
    "isTemplate": false,
    "count": 0,
    "updated": 1551027935
  },
  {
    "id": "e798e0f9-83a8-40f6-9b18-484bc50e8282",
    "data": [
      {
        "text": "help me",
        "userDefined": false
      }
    ],
    "isTemplate": false,
    "count": 0,
    "updated": 1551027935
  },
  {
    "id": "5613bc44-0066-4240-9b6a-e72a5a728b2e",
    "data": [
      {
        "text": "commands",
        "userDefined": false
      }
    ],
    "isTemplate": false,
    "count": 0,
    "updated": 1551027935
  },
  {
    "id": "d9f8b4c0-f6f4-47c1-8293-5184575d15da",
    "data": [
      {
        "text": "help",
        "userDefined": false
      }
    ],
    "isTemplate": false,
    "count": 0,
    "updated": 1551027935
  }
]