[
  {
    "id": "6045060d-ae07-43d5-ad48-de9b4facfbda",
    "data": [
      {
        "text": "Sounds good",
        "userDefined": false
      }
    ],
    "isTemplate": false,
    "count": 0,
    "updated": 1546400689
  },
  {
    "id": "0a41845b-1c57-4601-8d77-983d842bfd8a",
    "data": [
      {
        "text": "I do",
        "userDefined": false
      }
    ],
    "isTemplate": false,
    "count": 0,
    "updated": 1546400689
  },
  {
    "id": "29bd1206-7f84-43fa-a2ba-738e8ef0fced",
    "data": [
      {
        "text": "yep",
        "userDefined": false
      }
    ],
    "isTemplate": false,
    "count": 0,
    "updated": 1546400689
  },
  {
    "id": "892d4909-c6a4-476d-aa76-912ba9041f98",
    "data": [
      {
        "text": "yeah",
        "userDefined": false
      }
    ],
    "isTemplate": false,
    "count": 0,
    "updated": 1546400689
  },
  {
    "id": "c9aa701b-e57a-4560-bd1c-59bf2ec5c6a3",
    "data": [
      {
        "text": "yes please",
        "userDefined": false
      }
    ],
    "isTemplate": false,
    "count": 0,
    "updated": 1546400689
  },
  {
    "id": "5154e618-4d23-46fb-a7e5-e938dda08597",
    "data": [
      {
        "text": "yes",
        "userDefined": false
      }
    ],
    "isTemplate": false,
    "count": 0,
    "updated": 1546262252
  }
]