[
  {
    "id": "853a3fb2-6791-4691-958d-3dcd264af329",
    "data": [
      {
        "text": "Train",
        "alias": "transport",
        "meta": "@sys.any",
        "userDefined": true
      },
      {
        "text": " times for ",
        "userDefined": false
      },
      {
        "text": "Smithsonian",
        "alias": "station",
        "meta": "@sys.any",
        "userDefined": true
      }
    ],
    "isTemplate": false,
    "count": 0,
    "updated": 1549735264
  },
  {
    "id": "03022b47-d242-4759-be7d-330170125f6e",
    "data": [
      {
        "text": "Bus",
        "alias": "transport",
        "meta": "@sys.any",
        "userDefined": true
      },
      {
        "text": " stop ",
        "userDefined": false
      },
      {
        "text": "1001208",
        "alias": "station",
        "meta": "@sys.any",
        "userDefined": true
      }
    ],
    "isTemplate": false,
    "count": 0,
    "updated": 1549734699
  },
  {
    "id": "a72dcd19-ac3e-4698-8c50-1e5cf117dfd2",
    "data": [
      {
        "text": "Bus",
        "alias": "transport",
        "meta": "@sys.any",
        "userDefined": true
      },
      {
        "text": " Stop ",
        "userDefined": false
      },
      {
        "text": "1003651",
        "alias": "station",
        "meta": "@sys.any",
        "userDefined": true
      },
      {
        "text": ": K ST NW + 5TH ST NW",
        "userDefined": false
      }
    ],
    "isTemplate": false,
    "count": 0,
    "updated": 1549734092
  },
  {
    "id": "313d8702-e8db-4fb1-ab8d-30ccf1a550cc",
    "data": [
      {
        "text": "Bus",
        "alias": "transport",
        "meta": "@sys.any",
        "userDefined": true
      },
      {
        "text": " Stop ",
        "userDefined": false
      },
      {
        "text": "1001205",
        "alias": "station",
        "meta": "@sys.any",
        "userDefined": true
      },
      {
        "text": ": 5TH ST NW + K ST NW",
        "userDefined": false
      }
    ],
    "isTemplate": false,
    "count": 0,
    "updated": 1549734092
  },
  {
    "id": "01b81848-084c-437b-b214-c536243dce8a",
    "data": [
      {
        "text": "Train",
        "alias": "transport",
        "meta": "@sys.any",
        "userDefined": true
      },
      {
        "text": " times at ",
        "userDefined": false
      },
      {
        "text": "Smithsonian",
        "alias": "station",
        "meta": "@sys.any",
        "userDefined": true
      }
    ],
    "isTemplate": false,
    "count": 0,
    "updated": 1543987452
  },
  {
    "id": "5a51be0f-7074-4594-a1c7-7bd6967df147",
    "data": [
      {
        "text": "Bus",
        "alias": "transport",
        "meta": "@sys.any",
        "userDefined": true
      },
      {
        "text": " times for ",
        "userDefined": false
      },
      {
        "text": "1234",
        "alias": "station",
        "meta": "@sys.any",
        "userDefined": true
      }
    ],
    "isTemplate": false,
    "count": 0,
    "updated": 1543987452
  },
  {
    "id": "a2caa9d3-e80b-498f-b3c2-01d42e4b896b",
    "data": [
      {
        "text": "Metro",
        "alias": "transport",
        "meta": "@sys.any",
        "userDefined": true
      },
      {
        "text": " times for ",
        "userDefined": false
      },
      {
        "text": "Smithsonian",
        "alias": "station",
        "meta": "@sys.any",
        "userDefined": true
      }
    ],
    "isTemplate": false,
    "count": 0,
    "updated": 1543987452
  },
  {
    "id": "6f33fd45-a82f-4e5c-9c3a-549eabf7c318",
    "data": [
      {
        "text": "When does the next ",
        "userDefined": false
      },
      {
        "text": "Train",
        "alias": "transport",
        "meta": "@sys.any",
        "userDefined": true
      },
      {
        "text": " arrive at ",
        "userDefined": false
      },
      {
        "text": "Farragut Square",
        "alias": "station",
        "meta": "@sys.any",
        "userDefined": true
      }
    ],
    "isTemplate": false,
    "count": 0,
    "updated": 1543183669
  },
  {
    "id": "277928c4-262e-446a-90e7-7ed9176e751d",
    "data": [
      {
        "text": "When is the ",
        "userDefined": false
      },
      {
        "text": "Bus",
        "alias": "transport",
        "meta": "@sys.any",
        "userDefined": true
      },
      {
        "text": " arriving at stop ",
        "userDefined": false
      },
      {
        "text": "1003658",
        "alias": "station",
        "meta": "@sys.any",
        "userDefined": true
      }
    ],
    "isTemplate": false,
    "count": 0,
    "updated": 1543183669
  },
  {
    "id": "df0a32cf-8cd3-4c08-b708-97a7651e8d36",
    "data": [
      {
        "text": "Bus",
        "alias": "transport",
        "meta": "@sys.any",
        "userDefined": true
      },
      {
        "text": " timetable for the ",
        "userDefined": false
      },
      {
        "text": "123456",
        "alias": "station",
        "meta": "@sys.any",
        "userDefined": true
      },
      {
        "text": " stop",
        "userDefined": false
      }
    ],
    "isTemplate": false,
    "count": 0,
    "updated": 1543181229
  },
  {
    "id": "2e888772-b9de-414c-8914-4a0c77994d8f",
    "data": [
      {
        "text": "Show me the ",
        "userDefined": false
      },
      {
        "text": "Bus",
        "alias": "transport",
        "meta": "@sys.any",
        "userDefined": true
      },
      {
        "text": " timetable for ",
        "userDefined": false
      },
      {
        "text": "1234",
        "alias": "station",
        "meta": "@sys.any",
        "userDefined": true
      }
    ],
    "isTemplate": false,
    "count": 0,
    "updated": 1543179319
  },
  {
    "id": "f32da162-79ea-4401-ab49-2b1364395a1b",
    "data": [
      {
        "text": "Bus",
        "alias": "transport",
        "meta": "@sys.any",
        "userDefined": true
      },
      {
        "text": " timetable for ",
        "userDefined": false
      },
      {
        "text": "1234",
        "alias": "station",
        "meta": "@sys.any",
        "userDefined": true
      }
    ],
    "isTemplate": false,
    "count": 0,
    "updated": 1543179319
  },
  {
    "id": "9c150a23-b83e-4be3-aa14-4ae168cfee89",
    "data": [
      {
        "text": "Train",
        "alias": "transport",
        "meta": "@sys.any",
        "userDefined": true
      },
      {
        "text": " timetable for ",
        "userDefined": false
      },
      {
        "text": "Farragut Square",
        "alias": "station",
        "meta": "@sys.any",
        "userDefined": true
      }
    ],
    "isTemplate": false,
    "count": 0,
    "updated": 1542853284
  },
  {
    "id": "20fd94ec-8264-44f4-9508-abb8e5729dfb",
    "data": [
      {
        "text": "Show me the ",
        "userDefined": false
      },
      {
        "text": "Train",
        "alias": "transport",
        "meta": "@sys.any",
        "userDefined": true
      },
      {
        "text": " timetable at ",
        "userDefined": false
      },
      {
        "text": "Farragut Square",
        "alias": "station",
        "meta": "@sys.any",
        "userDefined": true
      }
    ],
    "isTemplate": false,
    "count": 0,
    "updated": 1542853284
  },
  {
    "id": "2813bb76-792c-4cf1-aaeb-e1be28197624",
    "data": [
      {
        "text": "Train",
        "alias": "transport",
        "meta": "@sys.any",
        "userDefined": true
      },
      {
        "text": " timetable for the ",
        "userDefined": false
      },
      {
        "text": "Farragut Square",
        "alias": "station",
        "meta": "@sys.any",
        "userDefined": true
      },
      {
        "text": " station",
        "userDefined": false
      }
    ],
    "isTemplate": false,
    "count": 0,
    "updated": 1542485135
  }
]